{
  "target": "cobblemon:arcanine",
  "riding": {
    "behaviours": {
      "LAND": {
        "key": "cobblemon:land/horse",
        "rideSounds": [],
        "stats": {
          "ACCELERATION": "70-90",
          "JUMP": "45-165",
          "SKILL": "40-80",
          "SPEED": "45-100",
          "STAMINA": "35-80"
        }
      }
    },
    "seats": [
      {
        "offset": {
          "x": 0.0,
          "y": 0.0,
          "z": 0.0
        },
        "poseOffsets": [
          {
            "offset": {
              "x": 1.8626451e-9,
              "y": -1.2779657,
              "z": 0.059787232
            },
            "poseTypes": ["STAND"]
          },
          {
            "offset": {
              "x": 0.01673784,
              "y": -1.3045704,
              "z": 0.06801101
            },
            "poseTypes": ["WALK"]
          },
          {
            "offset": {
              "x": -0.008335706,
              "y": -1.3077765,
              "z": 0.15360254
            },
            "poseTypes": ["HOVER"]
          },
          {
            "offset": {
              "x": -0.008335706,
              "y": -1.3077765,
              "z": 0.15360254
            },
            "poseTypes": ["FLY"]
          },
          {
            "offset": {
              "x": 1.8626451e-9,
              "y": -1.2779657,
              "z": 0.059787232
            },
            "poseTypes": ["FLOAT"]
          },
          {
            "offset": {
              "x": 0.01673784,
              "y": -1.3045704,
              "z": 0.06801101
            },
            "poseTypes": ["SWIM"]
          },
          {
            "offset": {
              "x": -0.008335706,
              "y": -1.3077765,
              "z": 0.15360254
            },
            "poseTypes": ["GLIDE"]
          }
        ]
      }
    ]
  }
}
