{
  "target": "cobblemon:crustle",
  "riding": {
    "behaviours": {
      "LAND": {
        "key": "cobblemon:land/horse",
        "rideSounds": [],
        "stats": {
          "ACCELERATION": "25-55",
          "JUMP": "0-5",
          "SKILL": "35-55",
          "SPEED": "40-65",
          "STAMINA": "60-85"
        }
      }
    },
    "seats": [
      {
        "offset": { "x": 0.0, "y": 0.0, "z": 0.0 },
        "poseOffsets": [
          { "poseTypes": ["STAND"], "offset": { "x": -0.00928626, "y": -1.6797303, "z": -0.39686608 } },
          { "poseTypes": ["WALK"], "offset": { "x": 0.012267956, "y": -1.6557691, "z": -0.4676966 } },
          { "poseTypes": ["HOVER"], "offset": { "x": -0.00928626, "y": -1.6797303, "z": -0.39686608 } },
          { "poseTypes": ["FLY"], "offset": { "x": -0.00928626, "y": -1.6797303, "z": -0.39686608 } },
          { "poseTypes": ["FLOAT"], "offset": { "x": -0.00928626, "y": -1.6797303, "z": -0.39686608 } },
          { "poseTypes": ["SWIM"], "offset": { "x": 0.012267956, "y": -1.6557691, "z": -0.4676966 } },
          { "poseTypes": ["GLIDE"], "offset": { "x": -0.00928626, "y": -1.6797303, "z": -0.39686608 } }
        ]
      },
      {
        "offset": { "x": 0.0, "y": 0.0, "z": 0.0 },
        "poseOffsets": [
          { "poseTypes": ["STAND"], "offset": { "x": -0.016700853, "y": -1.6547146, "z": 0.47774464 } },
          { "poseTypes": ["WALK"],  "offset": { "x": 0.012498748, "y": -1.6822152, "z": 0.4069035 } },
          { "poseTypes": ["HOVER"], "offset": { "x": -0.016700853, "y": -1.6547146, "z": 0.47774464 } },
          { "poseTypes": ["FLY"],   "offset": { "x": -0.016700853, "y": -1.6547146, "z": 0.47774464 } },
          { "poseTypes": ["FLOAT"], "offset": { "x": -0.016700853, "y": -1.6547146, "z": 0.47774464 } },
          { "poseTypes": ["SWIM"],  "offset": { "x": 0.012498748, "y": -1.6822152, "z": 0.4069035 } },
          { "poseTypes": ["GLIDE"], "offset": { "x": -0.016700853, "y": -1.6547146, "z": 0.47774464 } }
        ]
      },
      {
        "offset": { "x": 0.0, "y": 0.0, "z": 0.0 },
        "poseOffsets": [
          { "poseTypes": ["STAND"], "offset": { "x": 0.42447305, "y": -1.6710402, "z": 0.044257157 } },
          { "poseTypes": ["WALK"],  "offset": { "x": 0.44986665, "y": -1.6651742, "z": -0.03039653 } },
          { "poseTypes": ["HOVER"], "offset": { "x": 0.42447305, "y": -1.6710402, "z": 0.044257157 } },
          { "poseTypes": ["FLY"],   "offset": { "x": 0.42447305, "y": -1.6710402, "z": 0.044257157 } },
          { "poseTypes": ["FLOAT"], "offset": { "x": 0.42447305, "y": -1.6710402, "z": 0.044257157 } },
          { "poseTypes": ["SWIM"],  "offset": { "x": 0.44986665, "y": -1.6651742, "z": -0.03039653 } },
          { "poseTypes": ["GLIDE"], "offset": { "x": 0.42447305, "y": -1.6710402, "z": 0.044257157 } }
        ]
      },
      {
        "offset": { "x": 0.0, "y": 0.0, "z": 0.0 },
        "poseOffsets": [
          { "poseTypes": ["STAND"], "offset": { "x": -0.45046014, "y": -1.6634048, "z": 0.036621444 } },
          { "poseTypes": ["WALK"],  "offset": { "x": -0.42509997, "y": -1.6728101, "z": -0.03039653 } },
          { "poseTypes": ["HOVER"], "offset": { "x": -0.45046014, "y": -1.6634048, "z": 0.036621444 } },
          { "poseTypes": ["FLY"],   "offset": { "x": -0.45046014, "y": -1.6634048, "z": 0.036621444 } },
          { "poseTypes": ["FLOAT"], "offset": { "x": -0.45046014, "y": -1.6634048, "z": 0.036621444 } },
          { "poseTypes": ["SWIM"],  "offset": { "x": -0.42509997, "y": -1.6728101, "z": -0.03039653 } },
          { "poseTypes": ["GLIDE"], "offset": { "x": -0.45046014, "y": -1.6634048, "z": 0.036621444 } }
        ]
      }
    ]
  }
}
