{
  "target": "cobblemon:drifblim",
  "riding": {
    "behaviours": {
      "AIR": {
        "key": "cobblemon:air/hover",
        "rideSounds": [
          {
            "muffleEnabled": true,
            "pitchExpr": "math.max(1.0 ,0.2 + math.pow(math.min(q.ride_velocity() / 1.5, 1.0),2))",
            "playForNonPassengers": true,
            "soundLocation": "cobblemon:ride.loop.wind",
            "volumeExpr": "math.pow(math.min(q.ride_velocity() / 1.5, 1.0),2)"
          }
        ],
        "stats": {
          "ACCELERATION": "50-65",
          "JUMP": "40-80",
          "SKILL": "55-90",
          "SPEED": "75-100",
          "STAMINA": "30-80"
        }
      }
    },
    "seats": [
      {
        "offset": { "x": 0.0, "y": 0.0, "z": 0.0 },
        "poseOffsets": [
          {
            "offset": { "x": 0.0, "y": -3.171875, "z": 0.53125 },
            "poseTypes": ["STAND"]
          },
          {
            "offset": { "x": 0.0, "y": -3.4257445, "z": -0.061044615 },
            "poseTypes": ["WALK"]
          },
          {
            "offset": { "x": 0.0, "y": -3.171875, "z": 0.53125 },
            "poseTypes": ["HOVER"]
          },
          {
            "offset": { "x": 0.0, "y": -3.4257445, "z": -0.061044615 },
            "poseTypes": ["FLY"]
          },
          {
            "offset": { "x": 0.0, "y": -3.171875, "z": 0.53125 },
            "poseTypes": ["FLOAT"]
          },
          {
            "offset": { "x": 0.0, "y": -3.4257445, "z": -0.061044615 },
            "poseTypes": ["SWIM"]
          },
          {
            "offset": { "x": 0.0, "y": -3.171875, "z": 0.53125 },
            "poseTypes": ["GLIDE"]
          }
        ]
      }
    ]
  }
}
