{
  "target": "cobblemon:farigiraf",
  "riding": {
    "behaviours": {
      "LAND": {
        "key": "cobblemon:land/horse",
        "rideSounds": [],
        "stats": {
          "ACCELERATION": "40-60",
          "JUMP": "45-55",
          "SKILL": "35-50",
          "SPEED": "60-80",
          "STAMINA": "50-70"
        }
      }
    },
    "seats": [
      {
        "offset": { "x": 0.0, "y": 0.0, "z": 0.0 },
        "poseOffsets": [
          {
            "poseTypes": ["STAND"],
            "offset": { "x": 0.019325797, "y": -2.7409186, "z": -0.035812236 }
          },
          {
            "poseTypes": ["WALK"],
            "offset": { "x": -0.010157736, "y": -2.7402267, "z": -0.04133668 }
          },
          {
            "poseTypes": ["HOVER"],
            "offset": { "x": 0.019325797, "y": -2.7409186, "z": -0.035812236 }
          },
          {
            "poseTypes": ["FLY"],
            "offset": { "x": -0.010157736, "y": -2.7402267, "z": -0.04133668 }
          },
          {
            "poseTypes": ["FLOAT"],
            "offset": { "x": 0.019325797, "y": -2.7409186, "z": -0.035812236 }
          },
          {
            "poseTypes": ["SWIM"],
            "offset": { "x": -0.010157736, "y": -2.7402267, "z": -0.04133668 }
          },
          {
            "poseTypes": ["GLIDE"],
            "offset": { "x": 0.019325797, "y": -2.7409186, "z": -0.035812236 }
          }
        ]
      }
    ]
  }
}
