{
  "target": "cobblemon:flygon",
  "riding": {
    "behaviours": {
      "AIR": {
        "key": "cobblemon:air/bird",
        "rideSounds": [
          {
            "muffleEnabled": true,
            "pitchExpr": "math.max(1.0 ,0.2 + math.pow(math.min(q.ride_velocity() / 1.5, 1.0),2))",
            "playForNonPassengers": true,
            "soundLocation": "cobblemon:ride.loop.wind",
            "volumeExpr": "math.pow(math.min(q.ride_velocity() / 1.5, 1.0),2)"
          }
        ],
        "stats": {
          "ACCELERATION": "50-75",
          "JUMP": "45-65",
          "SKILL": "55-90",
          "SPEED": "160-180",
          "STAMINA": "50-75"
        }
      },
      "LAND": {
        "key": "cobblemon:land/horse",
        "rideSounds": [],
        "stats": {
          "ACCELERATION": "60-80",
          "JUMP": "20-35",
          "SKILL": "20-35",
          "SPEED": "20-35",
          "STAMINA": "25-45"
        }
      }
    },
    "seats": [
      {
        "offset": {
          "x": 0.0,
          "y": 0.0,
          "z": 0.0
        },
        "poseOffsets": [
          {
            "offset": { "x": 0.003290192, "y": -1.3213174, "z": 0.215731 },
            "poseTypes": ["STAND"]
          },
          {
            "offset": { "x": 0.04098769, "y": -1.3037425, "z": 0.18836051 },
            "poseTypes": ["WALK"]
          },
          {
            "offset": { "x": -0.0043290886, "y": -1.275032, "z": 0.22027032 },
            "poseTypes": ["HOVER"]
          },
          {
            "offset": { "x": 0.0026096958, "y": -1.3030001, "z": 0.2927451 },
            "poseTypes": ["FLY"]
          },
          {
            "offset": { "x": 0.003290192, "y": -1.3213174, "z": 0.215731 },
            "poseTypes": ["FLOAT"]
          },
          {
            "offset": { "x": 0.04098769, "y": -1.3037425, "z": 0.18836051 },
            "poseTypes": ["SWIM"]
          },
          {
            "offset": { "x": 0.003290192, "y": -1.3213174, "z": 0.215731 },
            "poseTypes": ["GLIDE"]
          }
        ]
      }
    ]
  }
}
