{
  "target": "cobblemon:golurk",
  "riding": {
    "behaviours": {
      "AIR": {
        "key": "cobblemon:air/rocket",
        "rideSounds": [
          {
            "muffleEnabled": true,
            "pitchExpr": "math.max(1.0 ,0.2 + math.pow(math.min(q.ride_velocity() / 1.5, 1.0),2))",
            "playForNonPassengers": true,
            "soundLocation": "cobblemon:ride.loop.wind",
            "volumeExpr": "math.pow(math.min(q.ride_velocity() / 1.5, 1.0),2)"
          },
          {
            "muffleEnabled": true,
            "pitchExpr": "math.max(1.0 ,0.2 + math.pow(math.min(q.driver_input() / 1.5, 1.0),2))",
            "playForNonPassengers": true,
            "soundLocation": "cobblemon:ride.loop.rocket",
            "volumeExpr": "math.pow(math.min((q.driver_input() / 1.5) + (q.ride_velocity() / 1.5), 1.0),2)"
          }
        ],
        "stats": {
          "ACCELERATION": "70-100",
          "JUMP": "40-60",
          "SKILL": "55-95",
          "SPEED": "210-250",
          "STAMINA": "40-65"
        }
      },
      "LAND": {
        "key": "cobblemon:land/horse",
        "rideSounds": [],
        "canJump": true,
        "stats": {
          "ACCELERATION": "65-85",
          "JUMP": "40-60",
          "SKILL": "40-65",
          "SPEED": "35-55",
          "STAMINA": "60-85"
        }
      }
    },
    "seats": [
      {
        "offset": { "x": 0.0, "y": 0.0, "z": 0.0 },
        "poseOffsets": [
          {
            "offset": { "x": 0.0069884723, "y": -4.8332925, "z": 0.713007 },
            "poseTypes": ["STAND"]
          },
          {
            "offset": { "x": 0.009686413, "y": -4.746398, "z": 0.38281527 },
            "poseTypes": ["WALK"]
          },
          {
            "offset": { "x": 0.0034906503, "y": -4.624994, "z": 0.62499994 },
            "poseTypes": ["HOVER"]
          },
          {
            "offset": { "x": 0.0069812573, "y": -4.6249757, "z": 0.625 },
            "poseTypes": ["FLY"]
          },
          {
            "offset": { "x": 0.0, "y": -4.85, "z": 0.61875 },
            "poseTypes": ["FLOAT"]
          },
          {
            "offset": { "x": 0.0, "y": -4.85, "z": 0.61875 },
            "poseTypes": ["SWIM"]
          },
          {
            "offset": { "x": 0.0, "y": -4.85, "z": 0.61875 },
            "poseTypes": ["GLIDE"]
          }
        ]
      },
      {
        "offset": { "x": 0.0, "y": 0.0, "z": 0.0 },
        "poseOffsets": [
          {
            "offset": { "x": -0.8680348, "y": -4.8281674, "z": 0.9003285 },
            "poseTypes": ["STAND"]
          },
          {
            "offset": { "x": -0.8579975, "y": -4.7733426, "z": 0.60002506 },
            "poseTypes": ["WALK"]
          },
          {
            "offset": { "x": -0.871504, "y": -4.628048, "z": 0.81249994 },
            "poseTypes": ["HOVER"]
          },
          {
            "offset": { "x": -0.86799747, "y": -4.6310844, "z": 0.8125 },
            "poseTypes": ["FLY"]
          },
          {
            "offset": { "x": -0.875, "y": -4.85, "z": 0.80625 },
            "poseTypes": ["FLOAT"]
          },
          {
            "offset": { "x": -0.875, "y": -4.85, "z": 0.80625 },
            "poseTypes": ["SWIM"]
          },
          {
            "offset": { "x": -0.875, "y": -4.85, "z": 0.80625 },
            "poseTypes": ["GLIDE"]
          }
        ]
      },
      {
        "offset": { "x": 0.0, "y": 0.0, "z": 0.0 },
        "poseOffsets": [
          {
            "offset": { "x": 0.8819546, "y": -4.822059, "z": 0.9003285 },
            "poseTypes": ["STAND"]
          },
          {
            "offset": { "x": 0.89080614, "y": -4.7519755, "z": 0.5389509 },
            "poseTypes": ["WALK"]
          },
          {
            "offset": { "x": 0.87848526, "y": -4.6219397, "z": 0.81249994 },
            "poseTypes": ["HOVER"]
          },
          {
            "offset": { "x": 0.88196, "y": -4.618867, "z": 0.8125 },
            "poseTypes": ["FLY"]
          },
          {
            "offset": { "x": 0.875, "y": -4.85, "z": 0.80625 },
            "poseTypes": ["FLOAT"]
          },
          {
            "offset": { "x": 0.875, "y": -4.85, "z": 0.80625 },
            "poseTypes": ["SWIM"]
          },
          {
            "offset": { "x": 0.875, "y": -4.85, "z": 0.80625 },
            "poseTypes": ["GLIDE"]
          }
        ]
      }
    ]
  }
}
