{
  "target": "cobblemon:gyarados",
  "riding": {
    "behaviours": {
      "AIR": {
        "key": "cobblemon:air/jet",
        "rideSounds": [
          {
            "muffleEnabled": true,
            "pitchExpr": "math.max(1.0 ,0.2 + math.pow(math.min(q.ride_velocity() / 1.5, 1.0),2))",
            "playForNonPassengers": true,
            "soundLocation": "cobblemon:ride.loop.wind",
            "volumeExpr": "math.pow(math.min(q.ride_velocity() / 1.5, 1.0),2)"
          }
        ],
        "stats": {
          "ACCELERATION": "60-80",
          "JUMP": "20-45",
          "SKILL": "60-80",
          "SPEED": "80-120",
          "STAMINA": "15-55"
        }
      },
      "LAND": {
        "key": "cobblemon:land/horse",
        "rideSounds": [],
        "canJump": false,
        "canSprint": false,
        "stats": {
          "ACCELERATION": "10-40",
          "JUMP": "10-40",
          "SKILL": "80-100",
          "SPEED": "10-40",
          "STAMINA": "10-40"
        }
      },
      "LIQUID": {
        "key": "cobblemon:liquid/dolphin",
        "rideSounds": [
          {
            "muffleEnabled": true,
            "pitchExpr": "math.max(1.0 ,0.2 + math.pow(math.min(q.ride_velocity() / 1.5, 1.0),2))",
            "playForNonPassengers": true,
            "soundLocation": "cobblemon:ride.loop.water_surface",
            "volumeExpr": "math.pow(math.min(q.ride_velocity() / 1.5, 1.0),2)"
          }
        ],
        "stats": {
          "ACCELERATION": "40-60",
          "JUMP": "40-70",
          "SKILL": "35-65",
          "SPEED": "30-55",
          "STAMINA": "45-75"
        }
      }
    },
    "seats": [
      {
        "offset": { "x": 0, "y": 0, "z": 0 },
        "poseOffsets": [
          { "offset": {"x":-0.044081237,"y":-3.1708837,"z":-0.5515496}, "poseTypes": ["STAND"] },
          { "offset": {"x":-0.031442184,"y":-3.217463,"z":-0.99444747}, "poseTypes": ["WALK"] },
          { "offset": {"x":-0.12131662,"y":-2.7231147,"z":-1.098696}, "poseTypes": ["HOVER"] },
          { "offset": {"x":0.178188,"y":-2.1333687,"z":-1.0728004}, "poseTypes": ["FLY"] },
          { "offset": {"x":-0.040299278,"y":-2.2590303,"z":-1.3307521}, "poseTypes": ["FLOAT"] },
          { "offset": {"x":0.30376646,"y":-1.5890558,"z":-1.3432088}, "poseTypes": ["SWIM"] },
          { "offset": {"x":-0.7275008,"y":-3.4011788,"z":-0.5909088}, "poseTypes": ["GLIDE"] }
        ]
      }
    ]
  },
  "moving": {
    "swim": { "canBreatheUnderwater": true, "swimSpeed": 0.25 },
    "walk": { "avoidsLand": true }
  }
}
