{
  "target": "cobblemon:klinklang",
  "riding": {
    "behaviours": {
      "AIR": {
        "key": "cobblemon:air/hover",
        "rideSounds": [
          {
            "muffleEnabled": true,
            "pitchExpr": "math.max(1.0 ,0.2 + math.pow(math.min(q.ride_velocity() / 1.5, 1.0),2))",
            "playForNonPassengers": true,
            "soundLocation": "cobblemon:ride.loop.wind",
            "volumeExpr": "math.pow(math.min(q.ride_velocity() / 1.5, 1.0),2)"
          }
        ],
        "stats": {
          "ACCELERATION": "40-60",
          "JUMP": "10-20",
          "SKILL": "60-80",
          "SPEED": "80-145",
          "STAMINA": "5-10"
        }
      }
    },
    "seats": [
      {
        "offset": { "x": 0.0, "y": 0.0, "z": 0.0 },
        "poseOffsets": [
          {
            "offset": { "x": 0.014612539, "y": -0.6879886, "z": -0.28125 },
            "poseTypes": ["STAND"]
          },
          {
            "offset": { "x": 0.017652966, "y": -0.642575, "z": -0.23899168 },
            "poseTypes": ["WALK"]
          },
          {
            "offset": { "x": 0.014612539, "y": -0.6879886, "z": -0.28125 },
            "poseTypes": ["HOVER"]
          },
          {
            "offset": { "x": 0.017652966, "y": -0.642575, "z": -0.23899168 },
            "poseTypes": ["FLY"]
          },
          {
            "offset": { "x": 0.014612539, "y": -0.6879886, "z": -0.28125 },
            "poseTypes": ["FLOAT"]
          },
          {
            "offset": { "x": 0.017652966, "y": -0.642575, "z": -0.23899168 },
            "poseTypes": ["SWIM"]
          },
          {
            "offset": { "x": 0.014612539, "y": -0.6879886, "z": -0.28125 },
            "poseTypes": ["GLIDE"]
          }
        ]
      }
    ]
  }
}
