{
  "target": "cobblemon:mrmime",
  "riding": {
    "behaviours": {
      "LAND": {
        "key": "cobblemon:land/horse",
        "rideSounds": [],
        "stats": {
          "ACCELERATION": "30-60",
          "JUMP": "35-65",
          "SKILL": "15-45",
          "SPEED": "45-75",
          "STAMINA": "35-60"
        }
      }
    },
    "seats": [
      {
        "offset": { "x": 0.0, "y": 0.0, "z": 0.0 },
        "poseOffsets": [
          {
            "poseTypes": ["STAND"],
            "offset": { "x": 0.0, "y": -0.6875, "z": 1.0625 }
          },
          {
            "poseTypes": ["WALK"],
            "offset": { "x": 0.0, "y": -0.6875, "z": 1.0625 }
          },
          {
            "poseTypes": ["HOVER"],
            "offset": { "x": 0.0, "y": -0.6875, "z": 1.0625 }
          },
          {
            "poseTypes": ["FLY"],
            "offset": { "x": 0.0, "y": -0.6875, "z": 1.0625 }
          },
          {
            "poseTypes": ["FLOAT"],
            "offset": { "x": 0.0, "y": -0.6875, "z": 1.0625 }
          },
          {
            "poseTypes": ["SWIM"],
            "offset": { "x": 0.0, "y": -0.6875, "z": 1.0625 }
          },
          {
            "poseTypes": ["GLIDE"],
            "offset": { "x": 0.0, "y": -0.6875, "z": 1.0625 }
          }
        ]
      }
    ]
  }
}
