{
  "target": "cobblemon:relicanth",

  "riding": {
    "behaviours": {
      "LIQUID": {
        "key": "cobblemon:liquid/submarine",
        "hitboxBreachPercentage": 0.9,
        "rideSounds": [],
        "stats": {
          "ACCELERATION": "25-40",
          "JUMP": "50-75",
          "SKILL": "40-80",
          "SPEED": "55-75",
          "STAMINA": "50-90"
        }
      }
    },

    "seats": [
      {
        "offset": { "x": 0.0, "y": 0.0, "z": 0.0 },
        "poseOffsets": [
          {
            "offset": { "x": -0.48058435, "y": -0.27500024, "z": 0.14605118 },
            "poseTypes": ["STAND"]
          },
          {
            "offset": { "x": -0.48242062, "y": -1.3168869, "z": 0.053928375 },
            "poseTypes": ["WALK"]
          },
          {
            "offset": { "x": 0.044194173, "y": -1.3188695, "z": 0.16690472 },
            "poseTypes": ["HOVER"]
          },
          {
            "offset": { "x": 0.044194173, "y": -1.3188695, "z": 0.16690472 },
            "poseTypes": ["FLY"]
          },
          {
            "offset": { "x": 0.044194173, "y": -1.3188695, "z": 0.16690472 },
            "poseTypes": ["FLOAT"]
          },
          {
            "offset": { "x": -0.021463323, "y": -1.3135426, "z": 0.1828245 },
            "poseTypes": ["SWIM"]
          },
          {
            "offset": { "x": 0.044194173, "y": -1.3188695, "z": 0.16690472 },
            "poseTypes": ["GLIDE"]
          }
        ]
      }
    ]
  }
}
