{
  "target": "cobblemon:rhydon",
  "riding": {
    "behaviours": {
      "LAND": {
        "key": "cobblemon:land/horse",
        "rideSounds": [],
        "stats": {
          "ACCELERATION": "55-75",
          "JUMP": "20-30",
          "SKILL": "30-60",
          "SPEED": "60-115",
          "STAMINA": "55-90"
        }
      }
    },
    "seats": [
      {
        "offset": { "x": 0.0, "y": 0.0, "z": 0.0 },
        "poseOffsets": [
          {
            "poseTypes": ["STAND"],
            "offset": { "x": -0.0014235907, "y": -1.7580168, "z": 0.18322733 }
          },
          {
            "poseTypes": ["WALK"],
            "offset": { "x": -0.06559907, "y": -1.8229002, "z": 0.23897748 }
          },
          {
            "poseTypes": ["HOVER"],
            "offset": { "x": -0.04793154, "y": -1.7881656, "z": 0.15857956 }
          },
          {
            "poseTypes": ["FLY"],
            "offset": { "x": -0.04793154, "y": -1.7881656, "z": 0.15857956 }
          },
          {
            "poseTypes": ["FLOAT"],
            "offset": { "x": -0.06559907, "y": -1.8229002, "z": 0.23897748 }
          },
          {
            "poseTypes": ["SWIM"],
            "offset": { "x": -0.06559907, "y": -1.8229002, "z": 0.23897748 }
          },
          {
            "poseTypes": ["GLIDE"],
            "offset": { "x": -0.04793154, "y": -1.7881656, "z": 0.15857956 }
          }
        ]
      }
    ]
  }
}
