{
  "target": "cobblemon:salamence",
  "riding": {
    "behaviours": {
      "AIR": {
        "key": "cobblemon:air/bird",
        "rideSounds": [
          {
            "muffleEnabled": true,
            "pitchExpr": "math.max(1.0 ,0.2 + math.pow(math.min(q.ride_velocity() / 1.5, 1.0),2))",
            "playForNonPassengers": true,
            "soundLocation": "cobblemon:ride.loop.wind",
            "volumeExpr": "math.pow(math.min(q.ride_velocity() / 1.5, 1.0),2)"
          }
        ],
        "stats": {
          "ACCELERATION": "60-75",
          "JUMP": "50-70",
          "SKILL": "55-100",
          "SPEED": "150-180",
          "STAMINA": "55-80"
        }
      },
      "LAND": {
        "key": "cobblemon:land/horse",
        "rideSounds": [],
        "stats": {
          "ACCELERATION": "60-80",
          "JUMP": "15-25",
          "SKILL": "5-20",
          "SPEED": "10-20",
          "STAMINA": "35-70"
        }
      }
    },
    "seats": [
      {
        "offset": { "x": 0.0, "y": 0.0, "z": 0.0 },
        "poseOffsets": [
          {
            "offset": { "x": 0.009639027, "y": -1.5602725, "z": -0.54011714 },
            "poseTypes": ["STAND"]
          },
          {
            "offset": { "x": -0.043593712, "y": -1.5049596, "z": -0.57411677 },
            "poseTypes": ["WALK"]
          },
          {
            "offset": { "x": 0.0, "y": -1.747606, "z": -0.64306676 },
            "poseTypes": ["HOVER"]
          },
          {
            "offset": { "x": 0.0, "y": -1.7493955, "z": -0.5338197 },
            "poseTypes": ["FLY"]
          },
          {
            "offset": { "x": 0.009639027, "y": -1.5602725, "z": -0.54011714 },
            "poseTypes": ["FLOAT"]
          },
          {
            "offset": { "x": 0.009639027, "y": -1.5602725, "z": -0.54011714 },
            "poseTypes": ["SWIM"]
          },
          {
            "offset": { "x": 0.009639027, "y": -1.5602725, "z": -0.54011714 },
            "poseTypes": ["GLIDE"]
          }
        ]
      },
      {
        "offset": { "x": 0.0, "y": 0.0, "z": 0.0 },
        "poseOffsets": [
          {
            "offset": { "x": 0.0, "y": -1.3967261, "z": 0.66757154 },
            "poseTypes": ["STAND"]
          },
          {
            "offset": { "x": -0.010725752, "y": -1.3987613, "z": 0.63955265 },
            "poseTypes": ["WALK"]
          },
          {
            "offset": { "x": 0.0, "y": -1.8674409, "z": 0.5697776 },
            "poseTypes": ["HOVER"]
          },
          {
            "offset": { "x": 0.0, "y": -1.9084742, "z": 0.6745038 },
            "poseTypes": ["FLY"]
          },
          {
            "offset": { "x": 0.0, "y": -1.3967261, "z": 0.66757154 },
            "poseTypes": ["FLOAT"]
          },
          {
            "offset": { "x": 0.0, "y": -1.3967261, "z": 0.66757154 },
            "poseTypes": ["SWIM"]
          },
          {
            "offset": { "x": 0.0, "y": -1.3967261, "z": 0.66757154 },
            "poseTypes": ["GLIDE"]
          }
        ]
      }
    ]
  }
}
