{
  "target": "cobblemon:sharpedo",

  "riding": {
    "behaviours": {
      "LIQUID": {
        "key": "cobblemon:liquid/dolphin",
        "rideSounds": [],
        "stats": {
          "ACCELERATION": "55-85",
          "JUMP": "45-95",
          "SKILL": "25-65",
          "SPEED": "55-85",
          "STAMINA": "20-45"
        }
      }
    },

    "seats": [
      {
        "offset": { "x": 0.0, "y": 0.0, "z": 0.0 },
        "poseOffsets": [
          {
            "offset": { "x": 0.016692027, "y": -0.97483945, "z": 0.625 },
            "poseTypes": ["STAND"]
          },
          {
            "offset": { "x": 0.085860536, "y": -0.9310412, "z": 0.625 },
            "poseTypes": ["WALK"]
          },
          {
            "offset": { "x": 0.0, "y": -0.84375, "z": 0.625 },
            "poseTypes": ["HOVER"]
          },
          {
            "offset": { "x": 0.0, "y": -0.84375, "z": 0.625 },
            "poseTypes": ["FLY"]
          },
          {
            "offset": { "x": 0.0, "y": -0.80975854, "z": 0.6535328 },
            "poseTypes": ["FLOAT"]
          },
          {
            "offset": { "x": -0.037642673, "y": -0.588425, "z": 0.6802579 },
            "poseTypes": ["SWIM"]
          },
          {
            "offset": { "x": 0.0, "y": -0.84375, "z": 0.625 },
            "poseTypes": ["GLIDE"]
          }
        ]
      }
    ]
  }
}
