{
  "target": "cobblemon:staraptor",
  "riding": {
    "behaviours": {
      "AIR": {
        "key": "cobblemon:air/bird",
        "rideSounds": [
          {
            "muffleEnabled": true,
            "pitchExpr": "math.max(1.0 ,0.2 + math.pow(math.min(q.ride_velocity() / 1.5, 1.0),2))",
            "playForNonPassengers": true,
            "soundLocation": "cobblemon:ride.loop.wind",
            "volumeExpr": "math.pow(math.min(q.ride_velocity() / 1.5, 1.0),2)"
          },
          {
            "muffleEnabled": true,
            "pitchExpr": "math.max(1.0 ,0.2 + math.pow(math.min(q.ride_velocity() / 1.5, 1.0),2))",
            "playForNonPassengers": true,
            "soundLocation": "cobblemon:ride.loop.plumage",
            "volumeExpr": "math.pow(math.min(q.ride_velocity() / 1.5, 1.0),2)"
          }
        ],
        "stats": {
          "ACCELERATION": "50-75",
          "JUMP": "25-55",
          "SKILL": "55-100",
          "SPEED": "80-150",
          "STAMINA": "25-60"
        }
      },
      "LAND": {
        "key": "cobblemon:land/horse",
        "rideSounds": [],
        "canJump": false,
        "canSprint": false,
        "stats": {
          "ACCELERATION": "10-40",
          "JUMP": "10-40",
          "SKILL": "80-100",
          "SPEED": "10-40",
          "STAMINA": "10-40"
        }
      }
    },
    "seats": [
      {
        "offset": { "x": 0.0, "y": 0.0, "z": 0.0 },
        "poseOffsets": [
          {
            "offset": { "x": 0.0009571392, "y": -1.234365, "z": 0.35967734 },
            "poseTypes": ["STAND"]
          },
          {
            "offset": { "x": 0.007911977, "y": -1.2373239, "z": 0.2598092 },
            "poseTypes": ["WALK"]
          },
          {
            "offset": { "x": 0.0, "y": -0.8240394, "z": 0.35912716 },
            "poseTypes": ["HOVER"]
          },
          {
            "offset": { "x": 0.0, "y": -1.0298951, "z": 0.2007187 },
            "poseTypes": ["FLY"]
          },
          {
            "offset": { "x": 0.0009571392, "y": -1.234365, "z": 0.35967734 },
            "poseTypes": ["FLOAT"]
          },
          {
            "offset": { "x": 0.007911977, "y": -1.2373239, "z": 0.2598092 },
            "poseTypes": ["SWIM"]
          },
          {
            "offset": { "x": 0.0009571392, "y": -1.234365, "z": 0.35967734 },
            "poseTypes": ["GLIDE"]
          }
        ]
      }
    ]
  }
}
