{
  "target": "cobblemon:ursaluna",
  "riding": {
    "behaviours": {
      "LAND": {
        "key": "cobblemon:land/horse",
        "rideSounds": [],
        "stats": {
          "ACCELERATION": "40-60",
          "JUMP": "25-35",
          "SKILL": "10-25",
          "SPEED": "55-75",
          "STAMINA": "65-85"
        }
      }
    },
    "seats": [
      {
        "offset": { "x": 0.0, "y": 0.0, "z": 0.0 },
        "poseOffsets": [
          {
            "poseTypes": ["STAND"],
            "offset": { "x": 0.010869641, "y": -2.0120482, "z": 0.06636892 }
          },
          {
            "poseTypes": ["WALK"],
            "offset": { "x": 0.027785623, "y": -1.9801829, "z": 0.13352945 }
          },
          {
            "poseTypes": ["HOVER"],
            "offset": { "x": 0.010869641, "y": -2.0120482, "z": 0.06636892 }
          },
          {
            "poseTypes": ["FLY"],
            "offset": { "x": 0.010869641, "y": -2.0120482, "z": 0.06636892 }
          },
          {
            "poseTypes": ["FLOAT"],
            "offset": { "x": 0.010869641, "y": -2.0120482, "z": 0.06636892 }
          },
          {
            "poseTypes": ["SWIM"],
            "offset": { "x": 0.027785623, "y": -1.9801829, "z": 0.13352945 }
          },
          {
            "poseTypes": ["GLIDE"],
            "offset": { "x": 0.010869641, "y": -2.0120482, "z": 0.06636892 }
          }
        ]
      },
      {
        "offset": { "x": 0.0, "y": 0.0, "z": 0.0 },
        "poseOffsets": [
          {
            "poseTypes": ["STAND"],
            "offset": { "x": 0.0, "y": -1.5625, "z": 1.0625 }
          },
          {
            "poseTypes": ["WALK"],
            "offset": { "x": -0.010899445, "y": -1.5354366, "z": 1.0621194 }
          },
          {
            "poseTypes": ["HOVER"],
            "offset": { "x": 0.0, "y": -1.5625, "z": 1.0625 }
          },
          {
            "poseTypes": ["FLY"],
            "offset": { "x": 0.0, "y": -1.5625, "z": 1.0625 }
          },
          {
            "poseTypes": ["FLOAT"],
            "offset": { "x": 0.0, "y": -1.5625, "z": 1.0625 }
          },
          {
            "poseTypes": ["SWIM"],
            "offset": { "x": -0.010899445, "y": -1.5354366, "z": 1.0621194 }
          },
          {
            "poseTypes": ["GLIDE"],
            "offset": { "x": 0.0, "y": -1.5625, "z": 1.0625 }
          }
        ]
      }
    ]
  }
}
