{
  "target": "cobblemon:volcarona",
  "riding": {
    "behaviours": {
      "AIR": {
        "key": "cobblemon:air/bird",
        "rideSounds": [
          {
            "muffleEnabled": true,
            "pitchExpr": "math.max(1.0 ,0.2 + math.pow(math.min(q.ride_velocity() / 1.5, 1.0),2))",
            "playForNonPassengers": true,
            "soundLocation": "cobblemon:ride.loop.wind",
            "volumeExpr": "math.pow(math.min(q.ride_velocity() / 1.5, 1.0),2)"
          }
        ],
        "stats": {
          "ACCELERATION": "50-70",
          "JUMP": "20-30",
          "SKILL": "55-90",
          "SPEED": "80-130",
          "STAMINA": "60-90"
        }
      },
      "LAND": {
        "key": "cobblemon:land/horse",
        "rideSounds": [],
        "canJump": false,
        "canSprint": false,
        "stats": {
          "ACCELERATION": "10-40",
          "JUMP": "10-40",
          "SKILL": "80-100",
          "SPEED": "10-40",
          "STAMINA": "10-40"
        }
      }
    },
    "seats": [
      {
        "offset": {
          "x": 0.0,
          "y": 0.0,
          "z": 0.0
        },
        "poseOffsets": [
          {
            "offset": {
              "x": 0.0,
              "y": -1.8814042,
              "z": 0.5826455
            },
            "poseTypes": ["STAND"]
          },
          {
            "offset": {
              "x": -0.01890367,
              "y": -2.2248068,
              "z": 0.36036807
            },
            "poseTypes": ["WALK"]
          },
          {
            "offset": {
              "x": 0.0,
              "y": -1.9197385,
              "z": 0.54535747
            },
            "poseTypes": ["HOVER"]
          },
          {
            "offset": {
              "x": 0.004185018,
              "y": -2.2060409,
              "z": 0.24402636
            },
            "poseTypes": ["FLY"]
          },
          {
            "offset": {
              "x": 0.0,
              "y": -1.8814042,
              "z": 0.5826455
            },
            "poseTypes": ["FLOAT"]
          },
          {
            "offset": {
              "x": 0.0,
              "y": -1.8814042,
              "z": 0.5826455
            },
            "poseTypes": ["SWIM"]
          },
          {
            "offset": {
              "x": 0.0,
              "y": -1.8814042,
              "z": 0.5826455
            },
            "poseTypes": ["GLIDE"]
          }
        ]
      }
    ]
  }
}
