{
  "implemented": true,
  "target": "cobblemon:greninja",
  "features": ["mega_evolution"],
   "moves": [
    "1:nightslash",
    "1:roleplay",
    "1:matblock",
    "1:pound",
    "1:growl",
    "1:bubble",
    "1:pursuit",
    "1:Snarl",
    "1:quickattack",
    "1:feintattack",
    "1:watershuriken",
    "1:haze",
    "1:flipturn",
    "1:watergun",
    "1:psyshock",
    "1:nastyplot",
    "1:round",
    "10:lick",
    "14:waterpulse",
    "19:smokescreen",
    "23:shadowsneak",
    "28:spikes",
    "33:aerialace",
    "42:substitute",
    "49:extrasensory",
    "56:doubleteam",
    "68:hydropump",
    "egg:bestow",
    "egg:camouflage",
    "egg:counter",
    "egg:mindreader",
    "egg:mudsport",
    "egg:retaliate",
    "egg:spikes",
    "egg:switcheroo",
    "egg:toxicspikes",
    "egg:watersport",
    "tm:acrobatics",
    "tm:aerialace",
    "tm:blizzard",
    "tm:bounce",
    "tm:brickbreak",
    "tm:brutalswing",
    "tm:chillingwater",
    "tm:cut",
    "tm:darkpulse",
    "tm:dig",
    "tm:dive",
    "tm:doubleteam",
    "tm:echoedvoice",
    "tm:endure",
    "tm:facade",
    "tm:falseswipe",
    "tm:fling",
    "tm:gigaimpact",
    "tm:grassknot",
    "tm:gunkshot",
    "tm:haze",
    "tm:helpinghand",
    "tm:hydrocannon",
    "tm:hydropump",
    "tm:hyperbeam",
    "tm:icebeam",
    "tm:icepunch",
    "tm:icywind",
    "tm:liquidation",
    "tm:lowkick",
    "tm:lowsweep",
    "tm:mudshot",
    "tm:mudslap",
    "tm:poweruppunch",
    "tm:protect",
    "tm:raindance",
    "tm:rest",
    "tm:retaliate",
    "tm:rockslide",
    "tm:rocksmash",
    "tm:rocktomb",
    "tm:roleplay",
    "tm:round",
    "tm:sleeptalk",
    "tm:sludgewave",
    "tm:smackdown",
    "tm:snatch",
    "tm:snowscape",
    "tm:spikes",
    "tm:strength",
    "tm:substitute",
    "tm:surf",
    "tm:swift",
    "tm:swordsdance",
    "tm:takedown",
    "tm:taunt",
    "tm:terablast",
    "tm:thief",
    "tm:toxicspikes",
    "tm:trailblaze",
    "tm:upperhand",
    "tm:uturn",
    "tm:waterfall",
    "tm:waterpledge",
    "tm:waterpulse",
    "tm:weatherball",
    "tm:workup",
    "tutor:aerialace",
    "tutor:block",
    "tutor:bounce",
    "tutor:darkpulse",
    "tutor:dive",
    "tutor:falseswipe",
    "tutor:gigaimpact",
    "tutor:gunkshot",
    "tutor:helpinghand",
    "tutor:hydrocannon",
    "tutor:hyperbeam",
    "tutor:icebeam",
    "tutor:icepunch",
    "tutor:icywind",
    "tutor:liquidation",
    "tutor:lowkick",
    "tutor:mudslap",
    "tutor:rest",
    "tutor:rockslide",
    "tutor:rocksmash",
    "tutor:roleplay",
    "tutor:sleeptalk",
    "tutor:snatch",
    "tutor:spikes",
    "tutor:swift",
    "tutor:waterpledge",
    "tutor:waterpulse"
  ],
  "forms": [
    {
      "name": "Mega",
      "primaryType": "water",
      "secondaryType": "dark",
      "pokedex": ["cobblemon.species.greninja-mega.desc"],
      "labels": ["gen6", "mega"],
      "aspects": ["mega"],
      "moves": [
    "1:nightslash",
    "1:roleplay",
    "1:matblock",
    "1:pound",
    "1:growl",
    "1:bubble",
    "1:pursuit",
    "1:Snarl",
    "1:quickattack",
    "1:feintattack",
    "1:watershuriken",
    "1:haze",
    "1:flipturn",
    "1:watergun",
    "1:psyshock",
    "1:nastyplot",
    "1:round",
    "10:lick",
    "14:waterpulse",
    "19:smokescreen",
    "23:shadowsneak",
    "28:spikes",
    "33:aerialace",
    "42:substitute",
    "49:extrasensory",
    "56:doubleteam",
    "68:hydropump",
    "egg:bestow",
    "egg:camouflage",
    "egg:counter",
    "egg:mindreader",
    "egg:mudsport",
    "egg:retaliate",
    "egg:spikes",
    "egg:switcheroo",
    "egg:toxicspikes",
    "egg:watersport",
    "tm:acrobatics",
    "tm:aerialace",
    "tm:blizzard",
    "tm:bounce",
    "tm:brickbreak",
    "tm:brutalswing",
    "tm:chillingwater",
    "tm:cut",
    "tm:darkpulse",
    "tm:dig",
    "tm:dive",
    "tm:doubleteam",
    "tm:echoedvoice",
    "tm:endure",
    "tm:facade",
    "tm:falseswipe",
    "tm:fling",
    "tm:gigaimpact",
    "tm:grassknot",
    "tm:gunkshot",
    "tm:haze",
    "tm:helpinghand",
    "tm:hydrocannon",
    "tm:hydropump",
    "tm:hyperbeam",
    "tm:icebeam",
    "tm:icepunch",
    "tm:icywind",
    "tm:liquidation",
    "tm:lowkick",
    "tm:lowsweep",
    "tm:mudshot",
    "tm:mudslap",
    "tm:poweruppunch",
    "tm:protect",
    "tm:raindance",
    "tm:rest",
    "tm:retaliate",
    "tm:rockslide",
    "tm:rocksmash",
    "tm:rocktomb",
    "tm:roleplay",
    "tm:round",
    "tm:sleeptalk",
    "tm:sludgewave",
    "tm:smackdown",
    "tm:snatch",
    "tm:snowscape",
    "tm:spikes",
    "tm:strength",
    "tm:substitute",
    "tm:surf",
    "tm:swift",
    "tm:swordsdance",
    "tm:takedown",
    "tm:taunt",
    "tm:terablast",
    "tm:thief",
    "tm:toxicspikes",
    "tm:trailblaze",
    "tm:upperhand",
    "tm:uturn",
    "tm:waterfall",
    "tm:waterpledge",
    "tm:waterpulse",
    "tm:weatherball",
    "tm:workup",
    "tutor:aerialace",
    "tutor:block",
    "tutor:bounce",
    "tutor:darkpulse",
    "tutor:dive",
    "tutor:falseswipe",
    "tutor:gigaimpact",
    "tutor:gunkshot",
    "tutor:helpinghand",
    "tutor:hydrocannon",
    "tutor:hyperbeam",
    "tutor:icebeam",
    "tutor:icepunch",
    "tutor:icywind",
    "tutor:liquidation",
    "tutor:lowkick",
    "tutor:mudslap",
    "tutor:rest",
    "tutor:rockslide",
    "tutor:rocksmash",
    "tutor:roleplay",
    "tutor:sleeptalk",
    "tutor:snatch",
    "tutor:spikes",
    "tutor:swift",
    "tutor:waterpledge",
    "tutor:waterpulse"
  ],
      "abilities": ["technician","h:technician"],
      "baseStats": {
        "hp": 72,
        "attack": 125,
        "defence": 77,
        "special_attack": 133,
        "special_defence": 81,
        "speed": 142
      },
"behaviour":{
          "moving":{
                "walk":{
                  "walkSpeed":0.55
                },
                "swim":{
                  "avoidsWater":false,
                  "canSwimInLava":false
                },
                "fly": {
                    "canFly": true,
                    "flySpeedHorizontal": 0.65
            },
            "herd":{"maxSize":"5"},
            "resting":{
                "times":["day"],
                "drowsyChance":0.0033,
                "rouseChance":0.0042
                },
            "combat":{
                "willDefendSelf":true,
                "willDefendOwner":true,
                "willFlee":false
            },
            "fireImmune":false
        }
      },
      "evolutions": [],
      "battleOnly": true,
             "hitbox": {
    "width": 1.1,
    "height": 4,
    "fixed": false
     }
    }
  ]
}
